INSERT INTO POLYGON_OWNER.CARGO (ID,NOME,DESCRICAO,NIVEL,VALOR_BASE_HORA) VALUES (1,'ANALISTA DE SISTEMAS','ATUA EM PROJETOS, MANUTENCAO, MELHORIAS DE SISTEMAS DA EMPRESA',1,11.66);
INSERT INTO POLYGON_OWNER.CARGO (ID,NOME,DESCRICAO,NIVEL,VALOR_BASE_HORA) VALUES (2,'ANALISTA JURIDICO','ATUA COM PROCESSOS E ATIVIDADES JURIDICAS',1,13.78);
INSERT INTO POLYGON_OWNER.CARGO (ID,NOME,DESCRICAO,NIVEL,VALOR_BASE_HORA) VALUES (3,'DESENVOLVEDOR FULL STACK','ATUA EM PROJETOS, MANUTENCAO, MELHORIAS DE SISTEMAS DA EMPRESA',2,14.87);
INSERT INTO POLYGON_OWNER.CARGO (ID,NOME,DESCRICAO,NIVEL,VALOR_BASE_HORA) VALUES (4,'DESENVOLVEDOR FRONT END','ATUA EM PROJETOS, MANUTENCAO, MELHORIAS DE SISTEMAS DA EMPRESA',2,18.87);
INSERT INTO POLYGON_OWNER.CARGO (ID,NOME,DESCRICAO,NIVEL,VALOR_BASE_HORA) VALUES (0,'ERRO DE CARGO','CARGO GENERICO',1,1);

INSERT INTO POLYGON_OWNER.CONTA_BANCARIA (ID,BANCO,AGENCIA,CONTA,TIPO) VALUES (4,104,12321,3213,1);
INSERT INTO POLYGON_OWNER.CONTA_BANCARIA (ID,BANCO,AGENCIA,CONTA,TIPO) VALUES (3,102,12321,3213,1);
INSERT INTO POLYGON_OWNER.CONTA_BANCARIA (ID,BANCO,AGENCIA,CONTA,TIPO) VALUES (2,102,32434,12309,1);
INSERT INTO POLYGON_OWNER.CONTA_BANCARIA (ID,BANCO,AGENCIA,CONTA,TIPO) VALUES (1,321,63545,5436,1);
INSERT INTO POLYGON_OWNER.CONTA_BANCARIA (ID,BANCO,AGENCIA,CONTA,TIPO) VALUES (0,1,1,1,1);

INSERT INTO POLYGON_OWNER.ENDERECO (ID,RUA,NUMERO,CEP,ESTADO,PAIS) VALUES (1,'PEDRO ELIAS GRACIANO',164,83320510,'PARANA','BRASIL');
INSERT INTO POLYGON_OWNER.ENDERECO (ID,RUA,NUMERO,CEP,ESTADO,PAIS) VALUES (2,'AVENIDA MANOEL RIBAS',5335,8240000,'PARANA','BRASIL');
INSERT INTO POLYGON_OWNER.ENDERECO (ID,RUA,NUMERO,CEP,ESTADO,PAIS) VALUES (3,'DARIO LOPES DOS SANTOS',1120,8240000,'PARANA','BRASIL');
INSERT INTO POLYGON_OWNER.ENDERECO (ID,RUA,NUMERO,CEP,ESTADO,PAIS) VALUES (0,'ENDERECO GENERICO',1,1,'GENERICO','GENERICO');

INSERT INTO POLYGON_OWNER.COLABORADOR (ID,NOME,CPF,CTPS_NUM,PIS_PASEP,ID_CONTA_BANCARIA,ID_ENDERECO, ID_CARGO) VALUES (1,'DIEGO SERONATO',04391655985,12321,102938920,4,1,1);
INSERT INTO POLYGON_OWNER.COLABORADOR (ID,NOME,CPF,CTPS_NUM,PIS_PASEP,ID_CONTA_BANCARIA,ID_ENDERECO, ID_CARGO) VALUES (2,'LUIS TINEU',0564564658,12321,102938920,1,2,2);
INSERT INTO POLYGON_OWNER.COLABORADOR (ID,NOME,CPF,CTPS_NUM,PIS_PASEP,ID_CONTA_BANCARIA,ID_ENDERECO, ID_CARGO) VALUES (3,'GUSTAVO DOS SANTOS',9145995970,12321,102938920,2,3,3);
INSERT INTO POLYGON_OWNER.COLABORADOR (ID,NOME,CPF,CTPS_NUM,PIS_PASEP,ID_CONTA_BANCARIA,ID_ENDERECO, ID_CARGO) VALUES (4,'PATRICK NICACIO',5489789756,12321,102938920,1,2,4);

INSERT INTO POLYGON_OWNER.TELEFONE (ID, ID_COLABORADOR,PREFIXO,NUMERO,TIPO) VALUES (0,0,41,25252095,1);
INSERT INTO POLYGON_OWNER.TELEFONE (ID, ID_COLABORADOR,PREFIXO,NUMERO,TIPO) VALUES (1,1,41,25252095,1);
INSERT INTO POLYGON_OWNER.TELEFONE (ID, ID_COLABORADOR,PREFIXO,NUMERO,TIPO) VALUES (2,3,41,25252095,1);
INSERT INTO POLYGON_OWNER.TELEFONE (ID, ID_COLABORADOR,PREFIXO,NUMERO,TIPO) VALUES (3,1,41,991825962,1) ;
